id,title,description,price,discount
1,RMIQBDUEAD,DUGVL UYQKV WLQAL YICBW,117.68,44.01
2,CILGCSBROC,UMHCU TAOXT BAUKL JZEPG,131.82,6.93
3,ZBZEPZSBSH,FFIOR PLQUP BQIZT GKNTN,467.52,10.96
4,QQCXYSDEMQ,GQSEE KPTIQ VCOYN DFTCE,416.97,35
5,XFTUSFXDRP,DRUZZ CETZK JICWU VSWIP,368.44,34.89
6,PCGZTCPHXZ,ICROV DSGGS WVDSD UBCWG,353.02,15.46
7,ITFMQEFUTG,ZQKKV OYPCS HAMNZ FMPBA,115.66,30.37
8,FUGWWXFTGF,AYOZZ BPYIU WQJFC JDEYF,475.58,36.31
9,NNNLAJOFVE,QYQRF PQTSZ FBDTM WPVAL,80.36,28.41
10,ZCDZNDJTPT,UVOBZ ALYXO WSQQH LUERX,107.63,40.91
11,FMGFVVZCFY,QPTBW YGKVY UJMCW GCFQO,395.84,42.25
12,AZCTBVZROS,CUCDE YNPNQ CLPGV FJGKD,167.16,38.5
13,UKYIMWDVLB,UTNWF FNZNE MDQJW OAHJF,47.6,6.93
14,KGHMRDQJEP,DRPJX PFRAN BKYKM EQXCU,336.22,11.54
15,GWXUIJQSSA,NENFN RQCCD YVIUG CDBFI,381.52,5.52
16,HEHTPSVMWT,DPFLT EACGA EMXFU KCGGB,118.83,2.98
17,WZBHGOVSBH,TMFFW EAZUE VEQNI TPORL,57.82,40.46
18,UQJUXKEAJR,SDQIZ UGPEX YUDZD HMHLB,424.49,33.84
19,PVWQLDGXAX,HRNRT NCSZM SZOVK RJVBN,486.17,2.85
20,VRJQXYEQVE,HYJBF LFCHO SIGGG XAGIA,387.31,47.79
21,TVKRVQHCQW,TZKKI TUSQM GSRBQ ZXMCZ,306.22,22.17
22,DQQIJGXPOG,JVWVO OPTFF UAMXQ VTFYC,288.93,25.4
23,RBLKJXWCYS,JKHVC LQSYM KLHEH UVWOJ,243.24,2.46
24,HICSYWPYLF,XZIPB JIRMI GXRSV WNEQU,247.17,12.38
25,YBHBDFXXZA,MZNNY DPRLH WUSTP HVFPB,54.91,34.75
26,NFYLBCKFRF,RKZNH YUGHH YCLYC UEATI,250.59,6.46
27,XEFICMYQUK,OSWYQ EFPDC AFXKQ OSCEA,347.84,24.61
28,TIVTZBAMMN,UUFHO ALOUX PZTYU JDONN,137.81,38.35
29,TLVOAKUPAN,NJTBW CTGUE MLHQF ANDIL,90.97,4.45
30,UAPFBLLSCB,BJOQF GSGVA BOIZS SGJMO,412.37,26.53
31,HZABDACNOG,JQMNR JMVGI BEDJX IPQKO,50.48,40.97
32,DDJEQRWYRK,MQUAU WAEKP RLCXQ PEOZF,497.73,36.83
33,EAAAHNXMEV,SYMOS RNEUI ULUBH TKMRY,482.21,46.69
34,WMBHTMDYVA,LASYN WQNHG QKSGQ BLAEV,485.93,26.13
35,ZCQGGAAMNO,OQZCQ KXEYT AHDWZ NMUZC,368.96,11.43
36,RERIOYPAYY,OXCVV GMPUJ LNHNO KJFFE,77.62,33.61
37,XIWCLBYPFM,CIKOW KYOUL ODASG GLEVH,367.84,20
38,BLLNLZIIUZ,WDCXR VILJB WOWWN VZHQU,140.07,3.15
39,SMFWRPUYYV,CXKRP CSFRU BNGQD AJGMH,48.18,42.23
40,FRZRPIJBVL,UWDYO MSOHP TKMSK RISLR,104.49,30.39
41,SJSKLOYZJT,USJSJ RFDWD IHZXO IKRXL,92.99,31.51
42,PRXCJIEKZV,AMFZO BYZXG IDONC WYUVZ,496.5,21.13
43,ORGCOZLLRV,OECXG ZFUTV NIZNA SWHTY,57.81,28.12
44,ERAOFDTYMJ,GGTED XEPLZ DVYXJ XJOME,292.47,4.82
45,BCNCJHKHTH,LRNJA ADJHQ FUTEP NSYMT,262.28,43.01
46,UPMGHBCQVA,HNLFB CGJVZ NWUXL ZFPMO,282.22,23.27
47,ZRHBMYSJMW,JNBMT OOVZO XTDGB UYJWN,258.77,26.59
48,FFWFPLXYLF,SPMKF JEFPC OYRBF RONTS,305.63,1.62
49,ADCKNZJOSD,BLXDZ UUZGC EOOVM NKMUV,7.12,11.38
50,XWDSWFHSIO,ANGWE EMDFV CZDKX BNFBJ,150.61,5.74
51,VMYNVOMGYC,IAYFK BVBAB YEMUT TSBVG,413.06,41.72
52,GBJZYDKBAJ,KKVIY WAMLS YRFCN YDKQP,394.7,39.03
53,LAVLBNTQME,KGICO GLOWK HOZBK MMKCD,218.03,13.6
54,FUYQVTXSTS,QKSAZ TKFPA ZISIT AHOBD,175.65,8.9
55,VAXUEOCEPH,XIVOF HQWFV SVFYC GXDJJ,200.56,6.1
56,VVRKCVOEUE,ONVHB FDUNO FPQOW YLZGS,252.06,18.92
57,LOKDPLMMNA,BNHPX WYHSU AMDRT NLJFY,413.34,49.72
58,NYQSXUKHUN,EESFD UNCEH ZHGSQ YGUWZ,76.81,37.81
59,WIGYQJAKQK,DWDQM GVHTN KKKEA YTPSZ,146.28,25.19
60,TDKADOYAPH,MAFNM QAUZK RPXAK EWSUP,320.59,46.69
61,PYBNKHRVTY,ICSVU CFDDR MDUHP QOFEW,370.03,31.46
62,AGPGBLZGDJ,NBEEE BFCZF WTFHF HMMOV,55.62,33.61
63,HMYXAYISEC,XYUZD GKHCS MZCVD BNNJR,462.12,14.12
64,SUIQQNHEKV,WRUCD GISDF MMYYP YTTGN,387.07,26.95
65,NSUQGEMXGV,KANSK QCTCH RALTD UMTUX,54.74,39.85
66,NVFHGEUUXN,KEFPY FTHVL IJZMP WXEGD,51.24,40.91
67,UGTKPNRELK,XEPFK KTKZG HWUSL QICED,240.74,49.91
68,FLDNLASDBT,DINDI IYFBZ XKHHV EIGBQ,173.2,13.58
69,EOZXAUTAIJ,OHOGF TDATR ICDSU MUPKT,222.77,36.16
70,ZRYDQTLYNQ,ERFYB YNZTB IUANP DEBHJ,472.82,20.22
71,KYFTESKCZH,UTOTN SXNYD XBAYG WBPSW,284.41,40.03
72,HHERKPNKXX,AYJHY GERNX YEWZP WAPOW,496.72,15.95
73,FASUWPMTBH,ZFXNX GTGAG UBGXX YUQEY,468.76,39.84
74,VAIPBYPGFQ,ZEMZF VFUGL TJUEE UOUBX,280,45.89
75,NZMFDPLITF,ILTHO WLXRR WNQBX OWPSW,424.48,29.12
76,KPSNRQXKDB,OHTXO IGUYS GYOWE VSPZM,81.86,34.22
77,MUYXIVMHNX,IIHOZ ZKLFC KJTIO EVKPH,366.8,32.11
78,QEATMCKPRC,WHPYI ZEFHS YMHYO GLKBV,319.31,4.82
79,QRKPHDMIIJ,JYOLJ GEVVM FDGGE GBZPM,305.49,13.18
80,RMESUDCJSI,KEIZC YTIRF YWCES UEIKD,42.63,39.99
81,HPUGHVGOAA,HGYUX QAHLH DLHIS MVRKU,39.19,35.3
82,TOXYEDVYDQ,YLBCW IMRAD MHHGF FCIYR,455.39,28.14
83,BNYSVJSWNI,EMBNI NCVCQ ZUSQN TMRAR,399.86,38.74
84,GTTOUKXTID,KGKGB UBGVC JUDJJ LSBEY,105.13,21.7
85,EJBDMTBSND,NRFTC FHPOT IFTZZ SKMUN,486.09,41.09
86,NUYTXSBKMA,UWTIA TBUTS OPNYO MVOAU,84.52,40.97
87,UUGIMTGBGH,FBXNK KWRNS WRNUK FJKCH,175.63,18
88,QBGPITPAQF,XCFXT NACKY HWVMM MIWCO,412.04,48.6
89,XFWFBGKDEW,TIKOQ JHWDX VSVNM RPOBF,52.01,38.22
90,SETPUYTSCT,WIKRE XYSAA KNKAU RYPTV,80.65,36.25
91,YFEVCJPXAG,FTNHC ZARDC BDOED LSWCZ,218.31,48.29
92,CXKQVEBLPZ,NEUNE GKTJC XNCOV FZTPK,315.5,19.89
93,UYMNJJTCWE,JIDCE WYTUM PLKVR ANEUJ,448.96,1.52
94,USLBUMEYDD,EIWKD QHKQN SFEKQ VDBXO,449.19,0.44
95,WGUPOPHYZZ,GFIGC KKFVR OBIOC KYGEE,35.13,8.52
96,VLNNTKDLWD,PBSIK VVNDH VGMHB PDVNU,200.37,48.44
97,PEQGYSAVAQ,HZXAT RYMDI WGJAL VZZTX,212.44,43.03
98,HIXWPTBGGD,KZJOZ CACOV DSUFZ TGFYT,488.1,26.86
99,MKXSMAOPDP,FBDBJ OSUQF SKZWR NIAOF,320.49,45.19
100,DVUCJQACAR,AEYKJ CZBIW WONSZ AQZLQ,211.24,11.34
101,KATYRTXSOE,XKDFG PWYSZ CDUNB VSLHK,492.79,14.05
102,UTSMXGTPBT,SVUOE JGFYJ HNQCF RUSUH,492.91,13.73
103,NODNPFTHPC,HLZRA FKYDS USSVF ANABD,42.62,7.23
104,ZQLCPNAMNN,NGBMC AQSIK XFCOT ISFBU,445.55,25.82
105,GEFKCEEAZX,OWGWS GHZKY BBQPM VCMAU,444.5,36.64
106,VCNHPTEOEQ,CESYW BBFUZ BNMPM NSGPN,465.17,46.54
107,VNNXPYXOEW,YUZRQ HGPJO SNUKZ LCQPM,45.16,40.73
108,ZZPGXVBMYY,XBLBL HXXCP JQRFD MIIWK,294.31,27.86
109,SWCZTUXHTN,YLPZA CGATY IJNHQ PYQZN,464.43,27.2
110,KPQDHZHRKE,NVSHF MYYYN UZQDV GSBFT,273.39,42.61
111,RATULWQAES,CZFJO WWIUL JBJIO BXWNQ,9.73,23.01
112,EWTCHAUNWB,RJWGZ AAVBS WFFIA RRJSJ,359.03,28.2
113,YDMSTRRPFH,LRAYB PFQWO MTWXP NQFKJ,117.99,13.33
114,RRELAWWEUW,PUNNW OTPRK GVSZD LMLCZ,108.21,30.74
115,DSVHUOOCII,JKNOT KMENZ QWCJZ VVEGY,382.16,22.5
116,SPJBCSZPDV,RSCQF RDKCO SGGYF QOLCK,198.58,0.52
117,SFEMVWWEEX,YGISX JTPXZ EJAZN SDZUT,140.42,1.13
118,ZEZTEPDYRC,TZCHJ LAQOW PHBVB OTXGP,488.6,31.99
119,ANITLYIHOV,SWBHD SCAIK TNIOI HOGGD,272.18,4.75
120,LCRAWFNOCE,WZXMX SWTQS ZKGGV OSTIF,206.33,26.44
121,UVLQTIHYHF,LMEDA IWPWU ZKYMY OZZPX,147.06,32.61
122,AWXMTXYCEG,JUYVL ZWJKH DMEUP MKVIE,216.24,20.14
123,MIIDCHZBRY,SLFGZ XWBQG NMBXH NXYUV,293.18,0.83
124,OAZHKSGWVH,JQXEM IJRRB HWTIH AWUGP,248.36,29.84
125,KBEREGZTVK,DSOTN SZOVF JHEND RZNQS,16.78,16.22
126,GXKFSRBMPM,JXEGI AGMQJ LWKOX HFOOE,103.77,48.77
127,FBWUPXNDJZ,SIZGW ABXLQ RQMYQ OIZSF,475.18,1.07
128,OIFVCOMTWD,TEJFV QRLTC EUXXO JTERT,438.36,30.98
129,BLXZSXTUUU,JSSTB HWEEU IZDKI CEOLB,130.35,41.94
130,SMZBWPTWDS,JNZFK QAQSO XFBAQ QSNNP,140.37,19.93
131,PKYOSWXBVO,TRGOM CSPEN IUUMW NUHFM,423.47,14.94
132,DPPZGAFSKR,QCLWK MYFWN RANVC IODYV,313.28,48.47
133,FWXQDJVCEY,UNDPF DPXGT EETMX ITVCM,371.78,22.53
134,TVLSLUNBIF,ZZGNQ RWPPW IGOEW THHDV,74.69,38.52
135,HLWXVNJLYN,DODKZ WHRIO NRURS TNJZM,328.25,20.35
136,UDCZKRCQRE,UEOMS JZZGL WZURS LQHMT,19.65,37.48
137,CNGJNLJFCY,RUDWS ZOAMO FHHOR IBAME,477.21,32.56
138,ZFUGAKCDJC,OWNJV LXDWI BAWPK ANWVZ,26.58,4.59
139,QQCIAFBXQL,OXNCC HQCNU FYZGT ZVNKP,423.15,5.69
140,FXEVSQPQOU,BNENP JLASY BJANU YKDNA,331.22,37.07
141,XWVSTBVPOV,SMMQH ODSTS CPJQI ZOHZP,330.24,28.69
142,LLHLTEMGIP,KFFJR EATKQ EPMJI DDPVQ,61.69,27.79
143,UCTMWNMPXZ,VAHPY ONIQG VFSCW KFAPL,87.84,11.16
144,JLPDTDXMWH,XLTMH UTGKJ FLVOB HDQYL,193.97,22.75
145,GYPHCQXPJY,YQZLC WNRSB QVGEK ZKFOK,412.84,21.87
146,LFNECSEBCE,NAGFD QHTLZ QLUUB LUWWQ,414.01,45.51
147,QCJQZIKSEP,CAJIG XQRSG YCBSX EWMCV,59.27,37.86
148,NDYUHAZJFA,FKDOT QZZEX TZRXG NUSMR,354.39,31.66
149,IMUGIHEJAB,WZYKM LEHRW BETRY JETTH,424.48,22.48
150,WNMQQLWDKF,LMJRY OYEHS TVGIY GSCCJ,396.55,7.61
151,PRMMINUMWS,VMXVI AVCJB PJSUZ TBDYP,28.03,18.75
152,FZIKPIWEVZ,EBQLM FIFYX EFBYH NYJBY,27.16,47.06
153,ENCWSSWAJH,WFGGA GECUH FARAY YIFBA,258.65,32.57
154,AKBWABNDZY,XOVIG EVPEK RHYHH XENLT,179.54,46.81
155,PBKDHQAJOG,YINCC MYJBU JYAPE UPKTQ,117.86,21.78
156,EHSKTHOBKE,ZKJDA PQRYL JYLHU HYKOY,451.86,44.53
157,ALLRDUXISS,IDODH IUFRB YOPPW CTYQR,244.03,43.18
158,RLDTCGUBVR,HCEIL MEHPB SUVER EJQZC,247.02,14.68
159,CLTMVUMNXI,VDKOL CSNAX NOLOH IXNAO,95.5,8.07
160,WVWJSWFMCN,PYGII TCOCG DKEBL IORBO,195.64,1.09
161,BFPQVFAIWX,DATZK UDJCB VPJFQ FJPOI,300.2,47.66
162,YCLCIWDNPN,ZPYVV XNOXL FOUWY BKVAH,127.12,35.99
163,NHRPKRDFPW,JMSTX FMNLT WGLUD ICNSP,168.89,2.32
164,TKXOGZTBCL,IJFQI DCNSZ TRKQT BPSMV,475.05,27.76
165,XSQLSXIMQG,ZCGHW KXEXU RWUYU IZUXV,332.58,43.32
166,AQHYDRQSSS,KHHLX UGVFC FQJQL DRUMN,320.61,34.36
167,DKHPHVZBPL,VFRMO OAVJO VQLYP SXEQF,220.99,43.96
168,ERHCXQIBGD,NJECO NZNCT DWCHD PZFAM,264.03,44.08
169,GYVAAIVJYA,LPBRS DWCQL UQOIA BWRNN,53.65,12
170,NMKASVPQLK,XZDNK IZKYT FAAJN ABKGD,307.84,32.41
171,RWDRVGPASC,OMHYQ IDXRM USJJJ WWCQE,491.05,13.21
172,LFNSRIIWJW,PEGAG XIGSR KOUBY CPCMN,119.38,32.25
173,LNFYPEUKMG,CKVGL DIJNJ KWFBP KAYUQ,294.72,41.44
174,OVIFKTYZTJ,SGLGZ WFURJ HCXUG JVZGL,351.66,9.52
175,YCSALSWUMW,GMPLR FKOYH JDIXR EINWV,339.73,13.68
176,VTVOTVUETB,ECPMT VEMJO IAWJE QRTMK,469.11,21.29
177,ROYBWQANON,BRLVX FGFKZ ISORJ PNWKC,88.73,17.69
178,AYXAXRXGAA,VLYHT UDHIT QWZLK DZQZK,226.8,16.73
179,KNSXMXXCDE,HMYKC SQCCS DJMLG XMVAD,44.94,5.34
180,VLRIJVASSX,ONETA OLAMO DZBON ZFEWO,133.94,19.59
181,ARRFCFDIEW,RQJFK EZJBV VXQOF XVFXL,400.63,26.07
182,PRJKXVVRIB,FMUYG NMPXK XCIUY DGIDK,219.05,44.16
183,QOAJCOZSJA,AZBGK ITLVX MIVNM JATIX,431.22,18.56
184,VTFTKHWNKV,VXGNL YIYEW EVFDI AUIKC,386.89,45.57
185,INSHYTZWTO,OYKTC YIWSL OBYUU SNMUN,78.51,48.03
186,CEFWLPFHTN,UIWXV FNLOT UNMON OHENE,431.94,36.07
187,DUIOKRAAEG,UPSKE DDBAL RPZJX TXFAC,498.46,30.61
188,OXATNXKTZV,LOKQO MGDOD BEZST NTUTQ,237.87,45.76
189,AWDNEOSCUZ,PIMNK XMPWC AKFDG EFUWX,73.84,40.58
190,UUHUPVFDTV,ZINZK RRFDJ JBUWQ ICGGF,471.01,35.96
191,KYIMHGTMNJ,SVGSE BDVMS SQYSV JSSYC,23.05,42.68
192,JEWZVZZFRV,ESENT IZKDP CXEPK LYRLF,6.26,12.23
193,CYGPTJMAUH,VZUYD GNIUK DYNXK GFDMY,33.17,4.2
194,RJSFREFIBP,STMSV SPDZK KBGDV WPOIJ,319.87,0.93
195,XBXTAAFTFS,HUSZR WIEEE EWLCX WICXL,236.6,20.63
196,WGWTHGDRYP,GRVJX OJVKE LIPWO HOABR,301.73,35.85
197,YKOALOLFRP,VNFIS ZKJUZ LQRRN TTWRO,359.31,38.16
198,JASRBKTNCD,QKWVQ QLJDO BHVNW GZVIR,187.03,17.74
199,TSPOGVPYQM,YTYUB ZWWZK QCJES DWLAX,207.72,45.54
200,PMSLXLKKQI,HZQBK DPPTT YPVSG JDQFD,222.29,31.1
201,HMCUHNWWIQ,KDVEQ KYVGH TPFKZ VULKJ,423.06,0.44
202,FOEJLUUDIR,EGLDD EOVJK SQZXH JWWYW,281.35,5.92
203,OIHZPFGKJT,PYIWN VJRJT JEPKP MULQN,498.33,19.93
204,BIXUCAVUDD,AUVOR BBVDS NPSLQ MRJJB,438.41,43.78
205,TZIPDDEGVU,MMLMZ ZLKPL USONQ CIQQO,242.91,8.53
206,HTITCDTHKT,TOMSQ TNPVD FSEQG TYNZJ,93.64,30.18
207,OEYNKIEOUN,VUGVL NSQJB GKUWW FPBEX,265.97,5.86
208,UNEEGBZTPS,JWALV ZNBEM NICBW YIUCH,380.54,44.89
209,XOBIPXWVIA,IXODQ OXIML WSGKU WOTIT,210.28,19.8
210,REGLKPHUGT,WRXGH LIPBD DSZTZ TSNAT,12.32,9.75
211,WCPQXGBPWZ,NBXQO TMUWH DSOEO AYQCH,476.17,8.55
212,JNTKVZJGAK,MLRBX GXPWD AUXHU AFSYT,59.01,24
213,RIMKYMVCBY,AVRFE KNWDR COJPI WRGJV,319.98,23.37
214,QBGDKVQZYL,KRPJO XNGPJ BGSDU URSZG,109.84,17.06
215,BJIGMMTIBP,JLDXK MOXLZ TTSRQ PNAUT,254.54,16.08
216,QDTHYZASBV,STLBF BFWSR SZWZF ZAKEQ,365.75,5.86
217,ABYENKFETM,EZKYZ SSTPQ BNQVP ZUPZC,45.17,13.01
218,MHCFSKKDJD,VOWSU RYGMB PSDGQ NKKTQ,421.77,40.82
219,SYZZCVWUDD,SQFKG QOWXL KSLST VMUKS,119,31.82
220,CNBARYIMJE,NYSXQ WHBER CCJOK IKKBO,404.06,20.55
221,COYBYSLBDP,PKKJU CQKMT ARVAW OANVZ,163.62,42.35
222,RHUXCCKQQV,OYEYM NMXVG PKOSK DHDZD,143.76,44.29
223,TRVWEQOKLO,DMEHH ZVJPL UDCIO WDEIP,356.94,18.13
224,DJEIANHWMF,RXGGS SQONR NNYQF AUZJK,207,9.64
225,HFWXKXZBDD,XDJZD OYAAJ RYNZH TFXOR,320.72,13.34
226,DECNMIWXXX,ZSRQW JDCKP VPSFA FFYSC,261.64,34.47
227,ZXHDDDWOWO,GSDQF BRKYO HCARA TIDSX,448.57,7.05
228,ROFWFZHNKW,DMDUH HZNUR RNJJZ WJOQH,432.32,32.05
229,HSHDQKFKMK,GHWGF RHACW VVMVO ZNLDR,314.22,29
230,TZLISLQWZG,USTAQ UCPST WYACQ TZFMG,315.29,35.59
231,DWADDJBIHN,BKVYR UDVVT SKZGS BQEZA,74.34,13.24
232,QRWSUGMQKX,SBBLU CQSME TGJGP CLDRG,113.88,44.52
233,FMUOWMNRPZ,KBNFJ KVRRN TZQWO BTPGW,185.62,25.36
234,XJARFOOKXP,KQBOH RLSOO QWEUB AXQAE,66.85,4.58
235,MAVMUVKLSW,BBPSQ RRMAM PBMBG OVJVD,474.02,39.12
236,QLFGHWFYFB,KGISZ GBTWN QYHMW DEUCZ,355.69,49.45
237,URZBEGOXFJ,BYRUO MJAUL FUSIH NMCKP,392.44,8.81
238,MLJWZZAEHT,IQOUT IDIWH OBNID MSUSJ,339.24,24.25
239,JGGCPVYAIA,KXYWY HNZEX JWSGK FHNPU,356.14,22.28
240,IQUKCPMLUZ,ELCRT QDLMI LUYIG HFJYA,466.64,0.74
241,BVKKJIPCPX,EUGGF XHEMP MYZCA JHHIQ,415.1,14.73
242,OFMWVJPACC,UZMPG LEJDC XZGCD SWTTL,309.63,40.13
243,JGEXSOVLUS,XNSCT UIPGH DLJFH IEESA,12.34,0.5
244,NACUFXHAPE,XFYAN WICAU PBCIQ YUZSM,86.25,32.7
245,XMJJGMLJXR,KIVCU BBHKU PYESQ DOHZH,99.53,25.79
246,LZENIFWBNT,TRFYM YPJEB MHHUD ZGLJH,10.29,13.79
247,JYFBKMOADV,LISLB ZWAEP JZDWE TWAIB,295.94,9.55
248,CMTYYZAFMH,BLBEW DAIVL VCFOT FLFUH,337.84,47.07
249,IXWXVTYSQE,QUCCS DGCDZ IWDIL WPPBQ,154.61,43.8
250,HIAVNUYSTN,BUHAL SIECZ IJUBK IOTAV,140.27,42.93
251,WOWWIWJMBM,CEVWQ RYGJP PONFJ RAHIQ,370.63,20.22
252,VUBTLKKAVY,GOHLM PAWIT CBIUI WFGMF,256.33,24.86
253,WXQGZXZJJA,ERMSN QRRXT BAOHT XDLIX,47.72,24.21
254,ZXLYQJURTB,XKNYG XUZHO TVYQC SIXJP,394.11,44.49
255,DQMPVPSLOE,JXYPA FDXTV TSDIO ZITIP,216.77,31.22
256,EXWWMQKYPF,CGJKG LWELP YJQQR CVSTK,264.98,10.11
257,OREIDBERZR,URQIL KAJPK YLCYH JRJJK,242.95,33.46
258,PCWJTFRGTQ,FIXYZ YHUHU IFKEM DBNUZ,116.87,0.67
259,RTLUCWDKXS,ZAVWY UVMHU PPXYV GIOFU,57.52,22.94
260,TSSUUBSEJG,JRVJI ZCUON CXUDC FTBFP,193.23,15.65
261,STPNLOADDX,MHIKH XOKSL TNXLI UUIQU,364.87,13
262,BPULVSGXCG,SGSVV AHRNF JWBDA LXXOM,33.67,8.88
263,GVBIUULTZR,SWRNO QHGIV CEPOJ BGXXJ,173.21,27.55
264,LVPXXPHJXT,CIJSU USCNO FHNVM PZBBQ,298.13,19.76
265,KXGCXNFUDN,TSLIT UFXJU LVRPJ MIPWI,143.65,23.27
266,FVTTFDHXAV,EMAAB EXLLW TKBPS WTZMJ,466.63,31.81
267,HFXKKXGWQO,BULGB YIVLR AEIBT SZFUO,355.4,31.98
268,GRWETLFTTU,BCXUT TSOQY VKFGO PAPEG,200.54,15.27
269,UMJBNPEYLN,XDYQF VASMY WKEGZ UJWAQ,23.06,12.18
270,JMHUDVLUUZ,TYLET HBHWV HETCA BZYAX,255.85,30.02
271,MAAVCHKVLL,IUDVE DCFIE DHBYE STLWU,160.8,9.34
272,OOESXUPSLF,UOUKK IWPIX EQMYM TXPLS,182.64,8.93
273,VFMBPOWCPG,OSVOM WIMSC DNKNM GRCWS,262.16,0.81
274,HKPOSTKKHJ,TMZZD YIZVR STGOE TEFBQ,25.78,22.94
275,WUPILFUSZW,KAKYX JEVHB ZTXAN WNIUC,176.96,9.92
276,ANLJBGYJMM,LVCZO BMAGO SNUVK QJUCY,316.63,41.82
277,LEHDLPRSAR,IETTS RUWZK BSURP NFJOX,291.48,46.32
278,XRXJGHRUJL,YJYWU LXGFQ XMKMB ATNXM,457.51,4.24
279,SEFXXSQVJK,JEAWT WZUWQ ZEIYW EGJQR,276.78,47.31
280,MKHLUAJKXV,AQMNB GDEVT VBKYX CFGHK,232.07,45.07
281,FEJDZAACIW,HJRYL BJLJX NKDSG EENLK,199.81,32.65
282,UBZOIFOGNJ,LMIER OORLN NAKZJ APYAR,86.32,25.2
283,QHINXUFRYD,EHSMP RZUNO SCHUK GOJGY,38.85,42.13
284,OKNAVEUHSR,GLPDR FBBTW JOSWQ IARKM,481.41,22.96
285,NJDONWFHHG,BNHGV YDJUH TNRWY HCRNT,165.02,4.34
286,IZVNCISEPA,KOVOQ HLNMN MBTFS JUOQH,362.92,45.55
287,IUSJPDCQBJ,OKBPJ XCMSA TZPTR KCUFS,28.97,17.01
288,AYAEWEDOEB,LUSFF RGSOJ BBRXA DNKLY,313.84,17.75
289,WWGDFNRPUQ,LEISU DNLBN GKWZW SROQL,137.36,30.84
290,MOWVLYCYZN,RGDLJ ADLGD SYGKU CWPHJ,386.97,38.87
291,UPCOILYJRY,BWETI OMREJ AXBJB RWEIW,157.62,11.9
292,JHISFXPLUO,STSOD ESPII NTLEA COKTI,273.97,20.82
293,TBUIHUDOJC,MIRYT BMFRW KZBGY SBYAA,288.62,27.72
294,RAWXHORVRQ,QEGZU ASHYJ URCYZ NTIGG,230.03,5.33
295,GVNLWIMQWO,RIUVY KCUBJ ZEYQS YDWVP,17.41,22.65
296,SRFGGPYAVQ,EXJJJ IOMTU LCFGK VSATR,71.43,34.63
297,KWINIFWCAU,HDLMA XHHDQ WMAAU HWLBG,232.7,46.41
298,FJQRTTQZBK,YQCTT SMWMV XISCG RKDRD,352.43,39.7
299,DMVVJBBYNR,UZHQL ORBFK BGNKL MJCVW,405.39,13.27
300,YUCLYXMIZY,WRVWQ DYIRY QDJON XWSJK,197.19,9.17
301,QVZASBXVEJ,ZAIZL NMDEP FSYJS EQGDM,177.96,43.84
302,CBFROSAPAV,FPRED NISAM NDDHA UQZNK,78.39,9.36
303,FHIPOWTMTO,YDPSP ACIUF DDPVE PZTAU,158.91,20.03
304,YQNMWRFLNZ,ULSOG FFLZY BSDBU YKLUO,476.45,13.97
305,YYBQLHDHVV,UMKSH UKVAN CCFEV HVGIN,52.38,41.38
306,XMZQPTRESH,NOOKU FSIYB DKMXB QEBBJ,287.13,20.72
307,XTVZBZWWMW,OQOOZ QIFOO XHCFC KGZET,47.36,46.26
308,AERREVRBYK,HCFJA PMDYN FPXGX EMLXG,115.06,35.36
309,ZIDVYNGJYG,FMWZJ FBJRC XLSML XTFHW,408.64,49.78
310,LGMGXBALPY,GNRXY UFNVM OXMSQ AVHEV,259.79,40.42
311,REPILNSYPG,YAYSB VHPKE OYWRY JZONF,445.75,13.2
312,PYZGGECVUW,AWMKP DRKDF SNGLP SHSPK,214.12,22.9
313,UXSLTWCMJA,HRWSF PTDGC BGYEE IUTNI,152.42,49.01
314,TPMMIFPIOU,OVISY RNGKT QIAWL HPLCL,169.03,13.89
315,HBLFYHJULM,RRXSS PQJWF EASJU LQLLC,337.75,48.56
316,GQQLEJZZLZ,XZGYZ DUJTI JDUZZ JKEQG,190.84,42.65
317,YEWEKNSDHZ,EGEQF OJBKK YVTSO ZBPEL,403.76,0.99
318,AUGWDEICXP,GJMXP UFHRZ YIIAS LDCAN,144.71,4.22
319,WEGLJQQRPI,MVECM YBYWT HCBNE HRJJL,265.7,36.84
320,JKJMLCCRBN,TDEFA SDKJL NWGAP BXYHC,431.01,34.84
321,HJUHLBEOJQ,OGMWY YFVSJ TZZDF PJTCY,181.36,38.65
322,QGJZIAGUKH,FPLUS ZXUJE EQMGI FZLIO,222.97,36.86
323,FMWJSNKXUE,GJKOX BDVWA KGANL HJHCM,70.11,36.14
324,CZOVZDKUXN,OTIOL WNQWA KCHLU AIAST,257.58,24.47
325,QVJBTQSWXE,SEQAU EWDNW GQGPU DLUCS,475.05,22.92
326,MGKTIOSHYP,LISPY KLNDU WWTTR VDLYM,441.51,13.45
327,HJKGEJFEHW,DYQVU VXCGI XDNIU OBRGK,413.31,9.23
328,PXPSOTMGVH,EBVTG RAMCU RLUGF AUCJU,456.59,49.65
329,YCBLFHLJRE,PCJHJ WTRWH WGCYC DFELG,355.06,45.07
330,GRIXKYQHUO,XKNEC EOCYL HLQJR DDROS,484.43,24.74
331,TCYDBUPXQE,XVPNL NPXPS EOXWT HUTXM,20.4,36.87
332,OPAGPHAYPU,GRLBG NSCMI OIORJ OUICT,182.12,20.29
333,MKZKRLGIFD,GXMAB EVMGS ZPSZL GKIDV,232.53,38.02
334,RYMJKYDJOJ,UWOES RUXVW REYJW HQXUG,340.21,1.14
335,ROZHRIGNEG,FTQMD SKFIO LPJRV BVDDA,74.41,37.79
336,VJUJVXZDJG,VRAFU WGIQM YKDTZ YWDMD,57.72,11.71
337,TRDFSWPRJB,KPLUL VJJJL HCHMW DFLBB,464.99,39.88
338,WCLWCMEWBL,HOSPL ROKBN PCDWM BNCRT,270.44,7.07
339,BQDQXMCTYK,DANYZ JNAHG DZHCW BMFFJ,49.88,24.37
340,ZMRKBESTQE,MABSM CYXIL ANJOQ QBTQE,355.41,48.37
341,EFOKZLVBXP,MCCBI IFICR XZJAQ YDHPU,416.67,6.09
342,TJUANRLSCV,ZZMGC XSHTY MQEYS LVKWV,427.12,19.76
343,YDNNHORQGJ,JBEGD TQQMG KPVUI VLUMJ,31.52,36.81
344,VJLURAOUUY,NNIXK ZLLGG HYOML PAMOZ,29.96,27.86
345,FHXNYVLHEC,XVWOI RQSMH WEAYD WIWLB,458.48,35.63
346,GLKZFCPCAR,XDNLR JYQWH VUYKQ ENLGR,178.62,20.75
347,RBRTHYCRWC,MOGYD BMBWB JAZIC HXJSC,76.38,10.75
348,IQFBTKIPQG,MGVEV PULZF SXRZO ERNIZ,299.28,26.37
349,QQXDUJUDMJ,QTNFM FZIOM RPOTF STQKG,395.24,17.25
350,WKTYHHGBWW,HWXWQ UTIUS ZPWPC KDWZH,73.1,33.93
351,GJNFMLJCCJ,PLYDX AJVMC QLEAJ KQUAU,315.47,16.87
352,QFHEVBYUPA,RSUOF SXGES YKQIH XXDIS,253.84,4.26
353,IMZNBDFOEC,UUUII GGVIV OKSFI HZNKS,443.57,29
354,DTHOMFJHRQ,FXHYQ AVCJZ BFAPC MQDCP,28.9,20.52
355,XDDIPKJRAX,LONKU DXYXP XZLYQ USEAS,321.01,45.71
356,TWUNZVUXQW,QBJOU SANXJ VKHZC OVILX,159.56,32.65
357,ITUFTXFECE,KNCBE ZAZHZ MXGOC CBLQP,201.73,3.06
358,THQRKNDOUQ,YWQJM GEDND MWLYC NAVUS,30.65,19.97
359,ZYUTCPOGTD,YARMC DLAOL HIDCN VBXPA,205.73,20.35
360,BEZKXYYREI,SAFRZ KRUUT UCDOP LDXPN,394.01,37.85
361,PHECESGTXS,XMBXY SBKDX HFSTA XIXIX,104.87,1.23
362,VHLFMKGBFE,AQTBE KKJUB VVRAY ZBJGU,317.55,22.19
363,QWBAFDOFPN,POSIP KBJQC VUGXT RPORP,71.29,23.71
364,GCVOBNKVEJ,EHCBC RQJGN IMSGA OSZGP,113.03,22.42
365,SSMOQHXRQA,WAFBM MOKXJ NOYMC NQIGN,285.55,27.31
366,SNDQJIACJF,EMSJF TYUCD QNXIL VCKIO,144.24,38.89
367,TCPTDWIMZX,XOGJN CBLQN HCTHQ HMKBL,355.26,38.61
368,IPOEYVIGXV,SHMFX AFAUK VGEWK ISASB,230.5,33.11
369,DDBMXOLOMK,LKGUG VOVMX IZSSO UAQUM,398.89,38.26
370,EFIMASVCDX,YFIRN LTZRL VAACR TUKMU,115.51,36.03
371,KRAVFSOZJB,ORQIC MGFJW PSAMQ CNZWS,191.21,20.18
372,KEJLUBEYBE,SJDZL RIICR PXTYP ZXTLG,333.38,20.2
373,AWNMJYNDLK,VMAJL RHWPX HWUCW QOJJD,218.44,16.13
374,GCDZQLVTEY,KHKFI CBJDK ICWHD TMUYV,195.24,45.3
375,TCJSFLTPAJ,DKVUJ ACOMB LOIGZ NBOBX,40.29,37.65
376,RCZZVJSDYS,NIMMG PYKEP UZTQF ZUCEB,158.56,37.26
377,AECULACLNV,SGTXP ZZCGO CFQBG KGKUX,375.66,1.11
378,WCGFWFJFPC,RJQLF OTLHR HAJQQ JKPLY,39.95,2.5
379,OSHYHJSAQZ,VQALO YAILY NAXUE JIOMX,268.19,20.7
380,FNMZJYUBTE,XKSIM CRGBQ AUVTO AHQOU,55.29,41.54
381,ICIXOJYCUH,DZNKR EYQRW JYJLU EMOLF,354.18,7.23
382,PFTFNFQBKH,IGRIJ DGWUL TONAO ARIDL,366.44,38.21
383,RSCYBJTDEV,PCUBF VCVFS NKBWW DHYUV,294.89,20.05
384,TGGDDEMYVA,BMFKP RBFQG SQBTG QXEPX,487.9,33.79
385,OLKUUWJGGA,RCSLA STOZY BKTAC LLWGX,448.26,23.68
386,JTHOUVSEXN,UHFEJ BMAMM GKRPJ LQRHR,107.93,15
387,VWJJDNNYEU,XYNXP MRCZG NEQRY BZVRB,373.12,30.84
388,ZZNMKCTOOR,RFQUG AIQEL YAVFW ECYLI,451.96,46.04
389,PBVAZSQLTI,SWMIE CIEFT KPLCX YQDJL,382.93,25.4
390,XEFILPEOGD,EPAFR CLNUZ AZLBE CKDDX,359.97,5.37
391,WEPOJSYMBK,EACLB KHBMY DANEI EMAAP,75.22,13.09
392,ADJWPERCOJ,DLXWO NPCKK KBRBH CBXOE,187.81,3.61
393,CWFTQJIPTZ,DAOHF SCMNR GBDOW PJZQP,86.13,28.24
394,SWCXKXCWSI,FLEOP UOGTE JPTFD MWBKQ,154.42,45.61
395,BTPKDYBNSS,PKDYG RQWMM LLVVO GANSJ,303.54,25.53
396,CSNJQGVWPH,XWJAY MOAJA HEGYI GLTHS,135.91,38.65
397,CRQRWXIBKC,MLHKQ BUURQ UYAYB TYAPW,241.5,22.73
398,VZFUAKXHXL,FEVTO QWOIU FOJPL DSTUY,391.21,1.98
399,VXYOALUCGM,ORXFB WFUZY OGWXY GNSST,247.8,28.44
400,UVQOZUWUEW,QPBYN ALZVF FMYZD WYKYK,426.07,32.88
401,MXHIPKGTQO,DKECM HLXYB BANCB KSWJI,377.18,27.42
402,XGZSQNWRZO,TNELV XLUKZ PVNXM HDTFL,282.43,28.14
403,EKRFUKOAWI,TXOYC MXHVU YLMVW EATNC,225.35,36.34
404,CUAMTRVYYZ,CWPOL QCNOA UHWDK QVISZ,237.47,24.28
405,CLMZKIZAID,JSAGC VQCFM NFZZA IUJBF,51.05,3.21
406,DCTMLJAJBZ,IRGKS YTYJI QLOHH FHOAJ,147.52,15.99
407,EYFWWZTLSR,PZJMH WFUYI CMDSW DVZTU,306.22,23.66
408,EEGPDRBVDY,WOARP KBFZM TTOBV PFLML,331.4,39.07
409,VPTXRAWRMT,GFXWO ZVYEH FMEDZ IWAOM,150.94,45.94
410,OBRFAUUVVO,CHBSE OAMHR TQFSP NRECZ,231.94,30.46
411,FYWQOXBOFN,HTRMS MEOEI XJLEF FNHET,371.84,28.75
412,MPLEDRRKJY,IJVCT VQJZT AVQUU KJIKG,15.28,39.57
413,HSJHPUFPUL,QYKQQ NBQWP DLHTU BWGPZ,451.91,39.13
414,OXFINTPOJZ,XPYKF NBQTJ GTAJR VWDVN,338.07,29.95
415,ZXAOAQYFNK,ZPQEB DNHFS DRXOP UGQWX,444.77,33.97
416,FWEMBPLQSG,TZRVN EPAUI GZIOU RSLGH,40.27,48.72
417,CITKTXKMAJ,YBIYE PJTNH YKSYO ZYNHV,291.63,49.15
418,MQMOXIPWVQ,VPXFN ETFBC LSETO LMVWN,446.84,15.39
419,NJEZEGARCL,SZABN VXJSW QBJZQ RDKBY,30.86,7.24
420,BZBVLOLSPH,INAAB FHCEF ITJTU DXBWL,9,21.74
421,PFPBEMBTED,THQNH MITBX TWEOI HBHWF,218.31,23.78
422,LWCWTDBLHB,XYKUQ EVCJX OWBEL QHACC,323.36,32.69
423,ULSAWOTPQB,LKHJY FHOYJ XZHNR VNCPN,354.95,3.07
424,LIPCTOJTJM,TZVKZ PRHHH XOGJX CCZBE,202.42,40.03
425,RPNGVGOFTZ,JHLKE DQIGX ERMXQ YNVWG,459.23,23.13
426,KVIWMZUMOG,FUJVC ANQRE YVNVV WWFIN,323.99,43.13
427,KVJXIIMAXH,WRUZY BVYXQ VPHVF TDXSS,173.29,31.73
428,KDVHLGKCOG,ZQFVY PFZGH OMUQU ESIJN,34.13,5.94
429,QBRIZACVJN,LTHUK QCMAO WDNHS CGSGM,438.84,30.89
430,JCLCEZVAQL,FLPYR VSQCO FZDIN URRWH,98.82,49.37
431,RPMZWRJEMZ,MVASG TIGAC KQNNL LCCNB,390.06,17.29
432,NGGOTFQRYD,IZRKD RZNEU MLPOW HUOBK,230,26.21
433,HBXEYHKDCA,QDHJA NOWWO GKOYC HRMTG,247.15,41.55
434,EYHWPPGDUC,DXCTY PQMLY VMVQG VQMBM,412.56,15.52
435,FWNFRMGXZU,PDEYE MDBMS YBAWO AQWNS,402.32,23.05
436,ACSCUESYTD,MIXUA WVCOS OYSBO ADTKI,32.18,9.31
437,RKECCELBON,XSIMT UYNMZ HMETH OZSFH,474.26,7
438,JHPYLFLEZB,CAIDT YQFCF WZRJQ ZUEYW,259.6,15.93
439,UUEYEZSBPX,JHISG OBBXG SUCNV MVYOH,332.81,15.45
440,HQBTZJTDDU,SLMDH PDOAU VHLAS ONYVO,217.59,6.68
441,VQWCJUNVZL,RBXZY UWTRS GTQDM QTXJU,155.49,29.62
442,VFKUXYTVDG,EUZOE SBNSX PUDAC DQCDQ,186.94,27.9
443,ODKONRMKYJ,KENLJ VWOCQ DKMOS SFTCM,199.71,6.86
444,UXMGCQNUIN,RYJEJ ODOJV FOSQZ XAWFM,283.65,22.95
445,AUAGSHCZSU,EVXFL EXJEC SFQOH OIDKC,403.42,23.45
446,RVGWWIIGBD,IGPWN ULECV HQQDW WZSZS,63.4,15.7
447,QVFGJMGJDZ,LBXAE PHDYJ UGGBW GPYQD,362.82,5.15
448,TSXQWKVJHT,OCRXW ZCFQW ENOKM BAPHZ,354.97,12.68
449,MENEYLOEKX,JTMLD LTABD JKLGC MOKIP,106,35.02
450,YERXKHSPNH,KLQSW VVCMT GHNDI CWHQE,483.38,32.1
451,CBSNLTHORM,HXIER EBCKK XDHMH TPCLG,451.53,5.77
452,CVJARDZENG,BEYJQ OZIVO FTKJK BHJBN,145.07,37.75
453,QCMXELTJWL,STDDV GWPMB HIBCT PPHHC,99.86,8.38
454,FUNXBDNAYM,CSKOL KAUBN TCKLC CVLEK,485.93,46.15
455,UAPZBZGHSX,ENRZF AVIGJ IIQHH HJSZB,435.25,34.65
456,MHNSFZPLMT,ZBGWJ CEEBC VGJNC GQFWU,447.12,34.43
457,DMVIIDTTYD,ZBOUT SLJIE ACCUN BTGJO,50.71,24.91
458,XQGHANEBFV,RKHCQ JSJNP KVMZD NAQJR,447.7,31.09
459,JDWDILDSGM,KWSRJ RGRNT QEFJB RKSTQ,217.49,45.43
460,PBWWIHHQKE,AKXSD VTEPN UTFZF SAFDU,63.62,42.47
461,YNTBQMYRNT,YQOLQ FECHW XGUVG FBXPU,207.09,32.94
462,NHZMGXLBPK,UGHKM KICYU ZTAKJ TLCPU,335.23,17.36
463,FSURKWPYHK,XZKJQ QXEED SETAZ ZUWBP,282.43,42.42
464,FHISJYESJM,VFNBH VGYUL OYADN KFGRU,286.97,4.14
465,BKLNPMGQBZ,ZTABI UYKDO NIHYD XTGMS,464.94,44.8
466,IBEYIZNCLR,IKYCY EAKRA ICRFO YCKMZ,45.41,34.23
467,QICAIJOLCT,KVEJL MLKUY VTOIW IZRAP,452.56,7.53
468,NSAGJSELAM,YCNVY SLZNM NHOZM NOMXD,33.54,13.73
469,PUZRWHJQUZ,OLFKM BYTMC KGIBF MHKEF,195.13,37.43
470,PJHWXNFHAI,YMFRC DKNXK NQXOJ SZLPK,149.9,10.26
471,IXAEJQIDES,LNRZP IYJVJ WWFUK NLXHP,252,19.74
472,CJSKDQFFRC,MYRVQ LLFJS JJRWW ESNSZ,417.49,17.25
473,JVPLDEBXLK,ZPWSE IYWVS YGGKA QBWWH,287.9,4.49
474,UORZWPXBNI,HEIXT ZAIZU MXYBL MLFWL,87.33,17.49
475,CHDFMBINMD,BDPBF LNDSN BPFUI RJGKX,39.5,31.08
476,TBOUTVLSOV,CLZZR MSHHB LABRV FTOZJ,337.61,29.21
477,YVLPSNOUBM,ZJGSB OAMRK PKNVK NJPLH,118.49,48.44
478,YAZTDOVMVC,TQBVD WFXAG PHFMH YYYWT,364.8,25.18
479,YPWCFPFGLK,AWEST ASIYG NHXGH UCDHM,29.08,39.04
480,CHIDJGLNGS,TSOLA BYFAE MBPDY EOUZB,468.79,30.17
481,YGNJAVTXND,MKZRO DZJCR WMKVO YDTPZ,153.32,7.89
482,BYFRSFVOYZ,UYGZZ XEYTJ CVCOA IIWQX,428.38,12.74
483,OLBVDFKVFB,ZMLWC SIRTY BWTRY XPPFC,98.09,8.58
484,PYFYHCKSEC,MKYKL ZWYEK SLINQ TNDCZ,14.98,41.3
485,XAXLKLXHZE,BEDFZ YULOX QMRAX WPDLD,415.81,41.1
486,UDQPKEIUVX,JTKSX MCTIM SPTIK CZZRO,182.47,8.12
487,SYLYPMAVUS,ZSQZG XYDYI LISNB HSRNG,495.19,45.34
488,DOXLXONTAA,PXOVV VAMKH IDZBG MPWGM,38.97,39.51
489,OKXNIVEMCM,WOQHG LQJIO FPWNT KPXZU,208.03,48.48
490,IBRGLMBLNL,TWZAO TVIOQ LQGAD MQJGK,386.69,46.62
491,UUHGBLNYMG,MFBHG OSCQJ ONUGT UUQRP,436.65,49.32
492,APXNIKMEXU,EOAAG BYTOZ ELHVD VAGTI,247.31,5.55
493,OAPEWGSIIU,UCQMI YKVPJ KZNTN CNGMT,14.99,8.31
494,YCZXFARJNY,XGCVF FLDDU MTJNW AMMSG,196.12,30.77
495,NSWFWOWJHQ,QHRZF KICFN QUEFT GIBKJ,57.23,3.98
496,VBNBAOHCMP,BZVNV HDADF PNHMJ QCVFQ,38.71,45.66
497,KCKIYLDMUW,LFNPD HLLSQ DIFPY TIMUW,376.88,14.74
498,POQFVGNRVF,WBHNY WNYGL QKWKU MIBPO,150.6,44.55
499,XCFNKUPHWA,SCYUU BMGTK HCTFZ DFMCY,443.83,40.56
500,IOLOWVSVGG,BOAGM DFQIZ ETZJF LZJTK,114.75,12.94
501,ZFMHGVYRWQ,KIODH NGHKP RPZGL IQTYH,380.68,2.62
502,LDLYNAJCBJ,BUUFV AIAHW ZGGHU LWPSX,387.45,11.89
503,QMLXAYTKWK,PNVOA LOLAH OCHTN BSWPQ,362.61,20.46
504,IMCTSEKJDN,LBOVU ALDSY PQFDQ RDIYY,68.91,1.15
505,RHKHQXIWQW,BOKEY DWDUL GQEXO VAJHK,81.52,34.9
506,ADRXSVPDWC,YTIDY DGYAZ TCTIC MAGNX,305.86,11.74
507,TMYXWQKQZG,MXQOV SROWV UGSRB QRIHA,32.8,40.58
508,YEEKMXAJFY,PTVWJ JWCDF TKVKG ZRZUV,455.13,19.05
509,GUJGYGUCNC,AHZHC NKBUU JSUXL XHJAL,344.58,44.37
510,WBMKAFDYDK,IFSPF LYAFV OORFE OVNTW,88.76,32.41
511,TDFVYGCMRK,DYYXE KVFOY WKUHA EKHFB,282.27,34.23
512,YMAPAZAUCX,WZSEC FMOON JPQBV XBXNC,36.56,6.86
513,UCEQRIIPPR,LWMUH UCVOT CRDWS IXDER,416.62,1.82
514,ZBODYFPBWJ,NRUZQ YJVQC LOZCZ CLPLF,286.29,47.77
515,RTHOLYZUWZ,RNDJX NVYPY HNWWP PCRBL,167.73,0.63
516,IHJKQUYSYV,SEJEI VTJBF EBWNA BXFGO,246.31,44.32
517,MHUEBVIVDB,KTREO JZLJU QEOWX NVAFM,207.69,40.04
518,XGOWJURFSH,RNAKV VBJEI BKZHX WNAPI,284.05,40.82
519,RKBDVZNRKD,PQEES MYFKN CYPZF PKEOA,282.49,31.84
520,SXRDGKUGHJ,OEQNM HVTDJ KZIUZ BFTDO,359.98,24.32
521,DKIGDUHNJM,WVBLT OIWVT FGZKC BAXKK,273.63,34.67
522,ASJDCHOEZW,HQQFV EVYHK YEBKI IMQTJ,45.14,41.17
523,YYPFVQIHWQ,BXOTH UHCIH FVLFN RLAJH,490.72,27.93
524,EJVSVLKIFH,RETYA YDSDO QYZXC HEEUL,439.46,12.37
525,PDZMTJJPHF,YMYGW ENFIE BVWRW PVHOK,284.85,0.55
526,YHXZTDJPJJ,OWIAY IJEKJ BRMSV KNGZL,300.89,9.23
527,PSZAJKEYRC,AQFFU OWJXC UEIAZ TVDWB,351.97,16.5
528,AQIKIKUOLF,GPSRS UQDNQ XPNLV ICZTH,267.24,23.15
529,ICCRXYUWBS,QQZFF NTFOH QNYSP ACPSV,119.27,3.28
530,PNKPTSKFBI,BOLRN PNIFM AGJIA JEJQJ,400.92,18.56
531,RSXZTTYZGO,ENUDK ZVDAO BVYXE YWVCC,397.58,22.61
532,BOWHACJNCP,PCTNE QRCPX IGJGS DXFKD,84.43,7.61
533,HDMTHCBOWQ,MTPPW BDCPD TSXSS JQDIO,192.56,6.89
534,DJEFXTBBBP,ZQSGO TZTQY OOKXO PFUBQ,358.6,15.94
535,FFWDFYGSUH,HQEGQ MBEJO LOPNT TZBBR,232.14,13.58
536,YKOQDIJHRW,LFYDP ALPYC LKZRF LBSAM,118.26,12.92
537,UKIXPBFOLV,YJTYN OVJMR PCDPM VKMNE,460.71,43.85
538,NZIJNKFKBF,TZWAS IVAKX KIUUU QFHWL,432.39,14.48
539,CENEJAEKQI,BBDLV MRKVS GLEMC SYRBJ,318.76,3.56
540,ALWKETITCX,STBOG SWFYP VTLCX YVPAU,419.63,33.57
541,JQQWVWIAPD,NXOTZ CYEGD BBVDP IITMK,66.91,38.63
542,GORSPQLNUZ,YXHXI DSTBQ NGEBT KQCRW,50.89,32.89
543,MEIJQCQMAF,BTYUL ZLBLA JGCOL YODKT,379.2,8.34
544,NZMOLMQHCM,ITAFX AZQPY XLNCT ATEDM,45.21,19.19
545,WVHRWBDTBD,BMSWT GZKVC URALL SBVUT,368.41,3.42
546,ZTRJHWDUCO,XEFTG MLSIQ RLCZD LARFH,380.57,8.86
547,INGJMKLJNM,VQQKS FTZHE AGBCF WSXCV,183.27,25.71
548,DBRRHCOTIN,KIWKZ YGMYB GILYJ ZBVGM,324.3,28.28
549,LPINCWTRVN,AZKRN XHRQS CZAHD XLTFL,254.9,47.64
550,MNIFWCFRUZ,BLNYR TCSYN ATTHI CNCGO,289.85,12.38
551,QNCVQALUXX,ZZAXF NUCKD IXNVO PNKFI,249.88,1.31
552,YWLCWXNWRK,OADGI CVBSJ IUVVK NMWEA,405.36,6.21
553,YYDDZPQKJQ,HMAEF LDWPH DXTPY IFFDC,17.18,47.08
554,ZRDYWNPGNB,KNYQZ DBGBO TLGZT BDMZA,198.46,6.94
555,YSKKZPDBES,UWZAV SMEGO EDBEW TSXAP,282.62,44.88
556,SSWDOSERAV,JZWVT GJIXC TESQN GLVSQ,261.88,13.98
557,MBKUOGXGNB,TNDIS GNFRQ INNTP LKJFW,183.4,41.48
558,VTEXIJGLOL,CGXHE QBAVB MXWBN VRYKO,103.22,0.48
559,NDJFKOCJYV,COLDT JDHPL OXYES JFRZW,378.35,0.09
560,FVXGSZRXXG,KHORY OTYED MUBNE CKQMX,63.58,41.93
561,NIQEYISMJL,GGNHJ XUZDX CCVEO VBNKT,59.59,48.16
562,PIRDNQNOFW,JYBVA EMYXY XUACX PBDSN,257.93,23.82
563,CAESHEJGQI,GMXZG PEREU ZUAVW XMOAH,388.9,20.85
564,FBRNCASHTB,YKFKF CKYKR VHDCI HNVOM,6.17,24.57
565,RFBOFRWFGY,PVEMM PKSIQ NAIVT MOIJE,208.26,45.38
566,BDLKCMZNHC,FRRYN SKOTX HTOFY TJRPF,76.81,26.55
567,BKXWJARKAC,KBXMF HUKNM EJJXF NRIPA,434.69,29.66
568,IXZSBRHYDE,JRRVF HLLBY SAHJC AZJXB,481.01,22.16
569,HTRJUUPYWP,OIUJE UWFOW CBJZQ WRJZL,331.75,33.11
570,VIMXNIYNMV,MOJGI RNLZE ALAFO QUZKY,457.96,31.03
571,CTWZDFGWPD,CYZNM TJELI CQSNB RSJRB,228.45,6.5
572,AKWWHAJCBS,XHSTY NQXAZ HEBII KHJLH,398.92,0.5
573,SSXAAWULMN,FCZLB XLMAX NFPHP JKGBA,157.68,46.41
574,RRRQQHQAAA,XTRFZ RIJRE AZNUB YNYEB,306.43,33.33
575,ABAUVCIXNM,UYVTR KHJDN IEBWE TBHMA,406.9,11.88
576,ITFVFVCUMG,HIUOG UZGVG UEYMK ZMHCV,208.46,1.46
577,KNFJGMZAFZ,VWTNS JTHYY FONKT FBUIF,413.57,36.79
578,AWBVNRDHUU,GKEAL SZFIS NFHYA KRGRY,241.81,20.09
579,VGNJWLUMWJ,ISODO KUIBP EJBVH HJNOH,201.75,42.2
580,OIIICHHYRK,ZQXMT KBSOK ORWYD UOERN,497.6,48.03
581,XVCBKKCQQW,CVWUQ HGRUC SPISW LREDR,384.36,33.7
582,REBXEFQSTL,EKGRR NPIGC RYEPP TVYXF,47.47,23.64
583,QDRJHDJMPT,KPCWY CLHXE DHRIX SGVSU,42.41,23.01
584,HRXYAWOWGG,YUHSZ RWVYV SKMRY DGFMS,197.37,21.32
585,DMICJGJGSL,SOMZJ FRILK PGWYC WLSKJ,351.84,23.19
586,KCXBCYZFPU,VWDDD BQGUZ HSZZE TWIFA,359.64,26.13
587,PQQYHLJRHE,IGZAX ISLHA ONJXC DRJMJ,412.02,5.99
588,WOAUCXGRUO,NUOYQ AJAAQ URZVG CPIPY,400.42,5.67
589,OPTQCTXPVX,VLCMX YNGUC KMUXF CRUIZ,429.28,6.25
590,UGCSFGKSAY,UGOAX HVXIH ASVTQ UOSHB,188.01,11.37
591,JYEYDFDCFO,RRGNB JFVMA PTLQP EKAVE,403.07,28.29
592,OPQPZLOEEA,SELUT JNFIL XQZXW IXLTV,282.98,48.54
593,WIXVBHOQFN,MPRMH MYAIW YWKPP RJLMG,384.94,36.31
594,IHUHOHIZGP,KVXNF HXCSR THJXP QJEGI,142.81,18.96
595,DVPCNDMTEN,JGJAW TDXYY VGMLL TKPBU,451.37,15.36
596,WBAKHOTQQC,NVTKK QZSZZ WEVJI BPVUF,174.79,30.55
597,BBJWELCMIV,NRSAU XEIOK YZJTI MZYNB,106.51,17.74
598,UZTFAZGHQS,KRJKZ QJCTH PIQSF CCDQP,57.91,2.13
599,HBDLSVLOJE,KQEES DWRWK FCBIF MCNOP,45.44,14.6
600,AWOUHOSNUG,XQLCJ YENJN MDUHA YUEUG,424.24,45.54
601,STWNLBGOUM,VRGTA SEEHP WWKKW GRITU,265.34,3.04
602,MVHMHLUSVZ,IJZMF DGOYU PUXNR PNLZQ,173.27,4.15
603,EJQOKCCNPL,FHMUJ ZFFRX JKGMJ PHJUO,61.22,46.95
604,TWSMBQGTHT,HWIJY SBZKX NJUAL RDWYN,280.73,46.78
605,OGEIGPDZYN,FIGOY CKTQK VMMYN TARMG,455.63,12.78
606,NEXLDJBOKN,OSCSK XYMWU NVVLW WSJVY,239.1,13.27
607,FCTFHYGOVA,EVBWU IRUFS WGOQV SQRAZ,177.3,8.18
608,RIYTDNACOJ,IRACH CCITP FTXHP UXGCZ,498.06,21.52
609,AVJJTHSJEG,QKOJQ MYGEK VCGGY KHXYM,129.02,37.03
610,HTSCHJRLVX,PYIES ASWWX TOSPE LVXHX,389.26,6.89
611,TWXEEOFDON,FLUXM LICXW OXCCA ACNES,307.6,48.17
612,SAQMIAJFGV,TTXFG VTMOY VZKJU JDONB,225.45,25.83
613,YSICOYFKGT,QVEYR MTRVQ QPNDV AUWRJ,447.74,48.4
614,DHGFCSXQII,SZRNF NFPWQ HDOEZ WOKII,186.36,6.4
615,TMBZRPLYEZ,QUJZZ KYQWL UOGZU LDVRF,437.32,24.3
616,IXCGECHSXN,ORLSU HONHT JANIP YUKUI,362.9,19.39
617,MXUDPELBMY,GZEVV VQFIY BZUAN DIULR,420.92,42.48
618,BLVPXEIENT,RLQGC MGYWZ NNXCA MRICS,400.25,8.36
619,QEEHJZKAXU,YBVRT FHVFY KNXKH ANWHU,289.18,23.53
620,COFBTVHTOD,HPJVK AYPMV RUAQI PTJYL,279.97,44.47
621,MPDAULVQKE,ZQHSQ RYVTC EGKIB KQNUD,77.79,34.68
622,TDJTGMJBIT,QCGWQ FJZIE AREWI HEWTF,80.73,13.93
623,RZAPDQBGDI,CQIAL SNGIL RCMNO LLOXN,301.28,21.68
624,XRMRJAZOYF,OCKVX LIROM PQIMT DWFXW,440.93,2.18
625,DYYHWBKMNS,CBWLJ DLJOM NTCXR PFYAK,88.44,6.22
626,ZQFWOHQWCH,JBJOL JXBVN YRWYR KAIMU,440.54,27.64
627,WRBYRZECMM,FAHKN VSOKE NEJHH YHUSM,377.63,33.34
628,DRSWZHRGEE,BQJDX VHENB FCJJH EXYEY,202.86,11.82
629,GSOJXSFGYO,TLIHI ZIMOZ TACZZ WWESZ,356.78,13.49
630,FBYZVJLRZJ,KKKMX QWZIC VQYMV HMHLU,368.36,48.35
631,WUVARVLRVH,KESHX CTWRM SFFGF JVCMB,460.4,4.96
632,JZWJXJWSDG,WQSIS ANUWN FQGXU YVETQ,325.97,33.25
633,MNVLXKPTLB,VVBEG AVMSA PGXNH GYEUT,477.09,39.7
634,LIRFLMOFSH,JBRVZ SKLKP MIXSZ UBEXQ,320.92,40.22
635,NZRRDVXMAJ,EECBO IAHUO MLRDU IBMMI,480.87,10.61
636,VPAICKYQVI,CIRJM KUGSW MBAVI ZUGIX,207.75,12.96
637,CCNQXHXWAL,YRVHK PSRHW AMBYY BYLFK,262.84,43.99
638,BAGUKEWROM,XCDFW JBQAO CBDEA QWUBA,356.34,30.16
639,GWFGTKJDSU,QWMCU UJTFH JGHGS BCBOH,212.52,25.09
640,CXPQMIRFIN,BPVYP OAFYV AJNSL EZODX,94.03,43.38
641,EGATQRLIIU,WOQMV YBZMR MLHWG ICLNH,50.68,35.8
642,WDEJKFUVYZ,XJZQH ZDVZQ UNKHS WQSHG,385.67,44.53
643,NKOOOSVKWC,WITMC DGWJZ GJOOG ICHXX,429.99,10.87
644,MQWQQXAMDO,XAMDL NDBBT OWJBX BBNMC,185.53,40.81
645,EMEUEHAVPU,BPYYB ODSVG SXSMF JMRDL,460.62,22.07
646,WTYZXYAEKE,IXEUT EQFIF NMDMI HRIQD,42.83,29.47
647,REVXQXPBAG,TASMC PFAVB IYJVY GVFER,24.29,3.57
648,EWUOJXWRAO,FGKUD YPDLI XZVDR YGFYK,476.86,15.74
649,FMLSYPKALI,MECRC LHPSW NAHRC PLXDV,303.71,35.43
650,KGCYYOUJAH,QPEST JCIPB GGVXF JFIJE,162.08,46.16
651,GQGFKCRIBW,SFKRH XZRUM MXJIH AOYQA,238.55,5.22
652,TSAJHNRXWN,XHXKU LFPER XIFVG CULZK,497.49,23.33
653,LLKKFQRJUC,QQBWL UNMNK LLOIL GMYGI,335.75,23.46
654,LATLEOWRJD,RYNQW HUETC SAZRB EQEGX,196.1,20.58
655,BKKFHCOUEY,UIPPP OCIMK JXBBW BBNMY,31.17,3.98
656,TCDPJRYFRF,CXXHW OYGNG SQHGA AWHAE,239.38,6.63
657,UCFXLULCYF,AAQJS DCGJW DGXBA WDIMC,315.9,9.21
658,ODZMBGXYAM,XCYDM KHZHW YUKKU YHSKW,454.43,42.21
659,KIIVQPXLDP,GZHGF TDHCB XAWKI MFKEI,15.35,2.87
660,OLPXVRYYPP,OMJAI MNOBB NIUTS QPEJZ,174.85,26.16
661,GQASGULGVO,OKIIF TGUTY OFYPR RBFFA,364.75,6.05
662,MSAQDJFXNV,FGOJJ OKBQE CZELG ZMVKX,48.15,47.66
663,LFYXIIDIUO,SXYWA FHNVI FUXEW WSPEA,163.57,15.09
664,CIONMKLUPJ,KBGOE LTVYT HHKOO VBMZR,50.17,23.75
665,GJMXKFZUIB,CGHUD UYAOD TPPFI CPUFL,253.55,13.18
666,XKDPRFDSBS,IQSKP TVFSF ZRDGP GBQYM,7.83,12.51
667,GMQLISSCCL,SNYMN VFNGS LCWZA XHUFY,151.93,23.36
668,PYFHVSJOVF,KAAQF PKNPG GXDFE RQINL,323.69,35.71
669,CKSZTJKXNK,YGUPJ VLWOC PUJGH MSMVD,162.58,16.47
670,DACIZGACDA,UYATQ UZXYR PIYNT KROXG,153.19,44.37
671,SSCRHUKSZO,DZQIG DZYDF OJEBB EGBYK,285.29,37.28
672,UZJCSBGOEI,KEBPY COIQZ GUIKJ JYNTN,448.64,48.11
673,GVHEVYNNTD,ZYOOH GQCRA ZEBYG FRPXX,486.22,24.1
674,IEYXGLDAUY,ANPCB WISLN QXDXG QSYGE,186.78,12.86
675,RTMHZBHYKH,FESRS VKFLM XCXQC EIDHN,189.72,0.41
676,QRQKBNASYF,NYHZZ GDPYQ FVYLE TPDAE,497.01,42.14
677,MWJDHOQJCT,NIXUB EVMWD XYIKK ZPUUL,433.13,38.02
678,MSPJBDLDCU,ODJZY RKSFD WFJGQ HSMDM,139.4,41.24
679,SOUSZIWKUM,WZLSX SKLBP YOGBD WXZVT,225.55,17.7
680,SZANOGGQOB,DZJNY SIERY TLLEQ MEKSP,258,46.29
681,OWAGSMOQXA,ITPMQ HMANS IRUNI SGLGG,435.4,38.18
682,JWBWTMAFLH,IXWTO MLDUC BFAQJ PAPQN,51.97,23.46
683,ESVGYRMMDR,HNJTZ RLTMQ QFIPN POFHW,402.8,39.88
684,COJLTRYGRM,CUCZR NVNTW PWZFL CODWW,11.12,5.08
685,OEVPYWGVUP,YCQBS MIOPA RTEJD MHUZQ,135.1,47.43
686,HNYWONDCZH,LCIGY BJHJU LEFZY MUBSD,290.55,20.78
687,BHOZXRLPCJ,AMSOJ MUMZM MIJOO JPOPX,299.43,12.51
688,MGLRMDSBNO,IDWAU DQSUM KUUIC OHIBM,23.26,42.49
689,ILXIVGGGVR,KVYYV IAGFH BGTPA ZNLWN,194.83,39.19
690,ZUWVHHAHXG,ZDZNV GXCNL FULFN VCPHM,292.12,10.53
691,COLYWBDWQB,PKLHB IHBVH ZICDB MYDZP,443.71,39.48
692,UDGOORXODH,OMHIK EMGBS QIXTI QSQJD,496.16,7.98
693,KNDQKWJXML,UCLYN YYFSP SJPUC DFBAU,185.66,32.42
694,OVOHKMXAEX,DNHRA TWKFX RTEBO GKVIF,143.25,37.05
695,QTRNEJOVSZ,QETYW WKCGH FASQX ABXAA,428.93,24.56
696,QTUQPBHWJV,AYTCR YTZSL ACVRN MXEBY,48.26,29.52
697,CXKFAJZBEM,HPQFG FQPHE XWUHQ BSQAG,49.99,44.9
698,BBMAAKMVUU,XPDYS ZYUOP JPUAK HZMSB,107.11,16.99
699,NUNCZZOYSU,XTJQK CJFWF ZFYET RXUNL,363.58,0.24
700,WOMVVDXIWL,EWLPH YUQYV DXQBQ BDMGC,452.38,48.13
701,WLDNHBNFWA,CKOPC JZMET TBEYG GVFBN,393.61,47.32
702,NQNSDZOVUN,SDDVJ SVLQB UGMNG ZASDD,491.17,12.89
703,AEXTRIGUAQ,AOGCO HHLMW JVKWV AJOAC,485.04,30.78
704,RAMAHXPXPV,LSCGK VOYKK DAKHN ZXGFF,53.35,17.2
705,OBFLMQZSOZ,LYPWH BXDBY HPPSD DIHDS,450.78,46.68
706,YBPVZURPUQ,LYMZV ABQXG CKCZI XRYOF,229.36,49.04
707,SAJPTKRUHG,DWJHB FWKAH RPHOR SFRIE,356.1,0.78
708,SQNUOTGRQG,AARJD HZJGP GTAXY KUWYL,263.44,31.47
709,BDCHBYYQYB,UFUSU LVHGX SCNLX EQLZK,21.68,43.35
710,JDODMVYZZU,OTUOG FVUBZ GUDQZ WYUOD,237.74,29.67
711,CPJGCWWQCX,IMKWA DCZWE ESQIG GBMHY,43.37,29.51
712,PEYSGNUOLX,LGZIC UNXEQ DXLQB BAYXS,30.5,13.05
713,SXXVCXFSDI,HDMHX FZODM BUWRV DWWOY,386.63,48.76
714,CLLJZTVUXU,VMWLR KDQLG IXWLT WCSJU,285.85,18.54
715,LZKSLPCYES,KRYMN WZTBA GPQLL VMQRH,158.08,25.99
716,GELNDOPIXY,VMJDA AECYE NTMTL WWNRN,452.28,20.56
717,OVJMQJINIU,ZKIJM XXRNQ PROWO SUZOK,291.71,0.84
718,AMOIIDMCPY,QRWLV DZOFY RKMBC RKPNW,248.13,9.66
719,AIVNBHBVHM,DMFIR UOWQZ TUTWG CZIAB,80.08,44.87
720,AUKDFXEDGD,TWKNF DFQAU GWOIU YPMAO,228.42,41.95
721,VEDMNTEBRY,DWOBT ASJJX WHXSH WUZTZ,195.79,34.77
722,ZEDTSDAWDQ,ECVMR VQCKV HQLUO DLMBT,27.32,12.57
723,WDTQFDMDBA,HQSRO MVUYS FRRDY MKYGN,146.68,1.88
724,UGARQVSPDM,BNXFK DEDCA FVCKO EDETK,171.07,2.41
725,IGLBIYIMYK,ZPKMF QVFHH EICDD ANZJR,352.98,46.64
726,LQALNAIZVK,HINTY VIKCN ESBXJ LSOUY,91.21,17.1
727,FTBMRHGTOB,ITQLP UPLBG HOAOA KDJJX,70.02,28.45
728,KHBBYWWEHM,TKGGU NEGMG PVVDE FULLO,54.3,8.73
729,IEKCLAOHQZ,JVFGT OTOES RWTMD OPAAX,25.65,15.06
730,VFZFGGSIXR,DZBZQ YZMDI SPYXN KZTUG,148.74,47.23
731,HDDLUIGCGU,BMKQQ PKGUI SBKXF ZNFEU,340.58,49.59
732,OYSHJWOUZS,DFZYX HYOOA XZARK YOKYZ,10.75,8.16
733,AHLVJSQWAT,GROUL EHJYD VQKQI AYIJD,15.77,22.56
734,EYWYSGFZWA,HNDPX QVMOC TQUZB NZADR,248.84,33.94
735,PSZTDPBHNE,NOIQY USNOH QVGPN GMFBV,413.87,23.3
736,PWFMIVGCLI,SHSRU OQRCT RJBUQ RALVA,111.8,7.73
737,VVYNXWKQXY,RYSOH RSTNW OIKQV ZZKOM,158.78,4.39
738,LMNWLPNPVL,ZKCLI LSRZW YWLKA KOHGP,120.49,3.06
739,LJNPUFFBVR,FGBDS EFIVQ EUUWE MVSJW,163.63,5.27
740,KFOWCIYTTA,VUDSL AGBOT KYJYZ IPXBB,401.9,39.37
741,VQOEJLVTOV,DMGRO PBMJZ RVOWU LLKQX,431.76,9.45
742,YXPHAHQZQR,JCEZT NCEWX ZMHTY SCOOJ,27.55,35.92
743,VKIRQVEHGD,ZQQFD YSWIK VEIER JRRJZ,218.02,8.39
744,UONKOVZMMG,IXGVX RLZUU JKQAT RZSFX,456.19,20.92
745,FAQPNYIPNU,WXSYU RSPWS FNXIG YJDFQ,387.54,31.11
746,LGZMZQBGNP,MAEMD TPUHF YZQTR LAZFZ,104.54,30.48
747,UUIUNPVCEJ,WVVZU SLNYD XSEZK BRXZF,139.92,26.02
748,SAFVYGTXZQ,PEUIM HAUJF GEJYM KEKRA,122.5,47.74
749,CKHPSQRVGE,XPRRO ZIDTS HITSH GPWBQ,472.81,49.92
750,NZANOQEDBP,VCHWM QSJNB ORLGC YDNNY,360.83,4.24
751,SSYLQEIBQX,OJGXK KQOGM YDKVM XLUFC,422.71,14.61
752,EUBYLMYRXU,OBFZD NIFQM FDKKG YOBLQ,290.7,47.4
753,LWLYJXNLWG,IYGPV JDZHG YZULO MBHZQ,401.55,0.33
754,OWONIOYJKS,UBXTX DHIWA WBJAL FICFX,87.99,14.03
755,XAWKPCYTSL,PEZSH OHPFK KWZZJ DCZGQ,46.07,18.25
756,PWRMNMSFGR,AHGSY PLABN GPZTR INYDA,30,0.16
757,POANZKCTZF,MFMVH FPAOV FBTCS AHUQO,306.67,4.24
758,JGCVBZCIID,WGEXF CFKPB MUYHT LEBFW,477.43,28.08
759,AMOMFPCIHM,QWQUR BFLKW IDDGJ FADSY,200.08,28.83
760,BZNXZQNBVF,LOEAW OZEVI HDLEF EFPCS,280.26,38.16
761,MIIUSHQNUY,WITKH KXDCG VXWDE WMEDX,248.75,12.9
762,JROSUTIZRA,FMCOO XLXXA LDRJM IGAQN,53.03,13.63
763,LTXOGVTVJO,OABLS XKJFY PAPCF WSYZV,33.4,38.6
764,MJJUULNDZK,AOGYB AGWWB PHFGU OMZNK,26.32,15.41
765,TLQKKELRIC,FLYBM GOUBQ LAZZI GNIQW,93.6,0.97
766,EYHVZUWJMJ,PCTXC NQYIV TGIDU UONUW,425.45,48.31
767,PGTEKDFJWQ,AHQSF CPONL QGRYM QMICR,302.3,7.55
768,SKVTLSZHZX,GDFWG QJJBQ FLASO ZQBTY,410.5,25.69
769,MPCQREFRBZ,ANTCE VUSVV GNYDR WBRBV,140.47,38.5
770,ITJKXDLQYI,TAUDH UMIJB ISSMD FPSTQ,487.94,22.63
771,DNJWINBWWF,BNIVI UWQLO YZWRZ SVWRN,147.14,38.16
772,IMNKEZUPWK,HZVGC IMVON UJDWU TGIUZ,56.58,27.07
773,TCCMMKRQOW,ZMKHR EDWWP CLORZ CUAMU,363.5,23.98
774,EUNXPFJTGB,UKVVM TFSLL XUWSJ XIAUG,222.9,14.59
775,DFCXDJLDQV,VHEUV ALXED KDHFG PVFHU,197.67,40.95
776,TRQXSIISNP,CGTDZ CDSON EUKZA INYEB,399.31,26.06
777,WCUPQVMKNO,NCQXX JFSZR ICKIG VSEGJ,130.14,5.64
778,ELJTJZDFPQ,ATCXH TZFVQ PUAKJ VUYFB,140.71,45.45
779,YMMTOZUGMU,YMTBF HJBCZ OOHWD TUJUZ,253.3,22.29
780,MBXMAZHCIH,TRNCD YAUBY MLTBQ LOOPT,428.51,44.94
781,IWPIXNUWDD,CERCO NMVSU AYWRZ CMGNS,408.96,42.92
782,MAPXUBKVTT,IQFUN MGXHB DIMLD EGNEB,104.76,39.8
783,FKQYPBDSJZ,APFDX WWCMX SEJXP JECQM,429.19,46.84
784,VJPYJTKRJC,JVZVN OKRDP CIDKA VCKEC,244.85,7.84
785,TVHRDYANGS,WVIYY MZAVJ AKSTR LLGCM,195.03,29.61
786,ISVYPBATZX,MSBHO IWXMU EOCBB NUXEE,136.88,14.02
787,SCAVHCJSKM,KVZSO ZKIXO GDEDY RRCRI,292.09,21.72
788,UTJNCAUIUY,AXDIJ RWDNQ EFZMK OXXUY,120.76,2.24
789,QAUFLWJMHR,ZJNFO JFVEG LRSXO UUECS,470.74,27.56
790,DCWXMXLSSF,QDZPO JSIEP KETVZ BEOJV,131.58,30.95
791,XXAYNNFGTV,WQFDL ZCRUT NHKKR FXDBS,177.89,1.44
792,EXAGCDGPLC,DUBKL JAKJP PYYGY WHLIM,312.72,17.73
793,YFLDZDAMCX,FTJIP YDTWB FKJTJ AKSNW,61.95,37.38
794,OATKYAHGET,JJKCR ECISJ WNWFL ONZYK,20.71,45.53
795,PHHZVINCCO,EFEGA XECWI BHFPJ LZSAQ,227.22,36.07
796,KIJBNGOLHK,FTXJG LKLKU GMQAH UVLYH,426.41,9.89
797,VZLKOCBPER,ICAQW UIQWO AFRUI ZNYMD,293.21,23.3
798,MPLNOSCRUM,NCLQN UJPCO LHBRX RLFMS,20.52,34.35
799,QBAMFUBWAD,YIXQL ZKXQH SWYYM OWHML,426,3.62
800,OVIZVYCIXL,NQGUP FUGNV YWCYU MSPMC,196.94,39.83
801,SBAPFJMXON,RUHAP OVYBM MULEB QWJJX,99.36,46.48
802,WPEHUJISDQ,PZWYB WQFTU SHAQY AMHIK,229.29,4.98
803,ABHHMPFTIX,EDUQP HWRPG YKBLO QQIPQ,141.63,8.5
804,YQDLSQZBSI,POMAB BYBKP XDMGN YPWQX,26.07,15.64
805,FLSDZSNDOB,ALOZG RJYIC YKWKI VABSD,215.88,1.96
806,ANPBNHDQZR,KGTYK LTNJG RPUVY QNIDB,397.67,13.25
807,HVBAIARXBU,VUZHC GLFSE REISW HTZOI,473.75,17.88
808,EWZNAWNKND,ZRMOU DZIEB MQRRR FAUSB,466.21,12.7
809,VNYNKLVGOM,LBPUJ RQDLP NVFDQ ASRTD,8.74,8.28
810,RBHUQJPXLV,OBRMA RBPRG MFQXH XEEGX,393.13,0.78
811,WMEQOYVPKO,QPJTO HBTNZ HNPKL YRMHF,497.33,13.94
812,GZOBTPIGIF,EIDIP GYOYP HVTGO UDWBX,36.02,3.1
813,USDCJHBJYT,ZFGYE MBPWS MTMFY HRNKP,260.82,40.8
814,UYMOABVJHV,LSMHW ANTUO JMKFQ QTOYS,401.31,33.01
815,AKAEKWLCGQ,SDAPY JXTDE DHVHK NQSRT,103.05,25.46
816,JEITJCCUDN,JUETE IESYF SBNOM NGYMF,130.06,3.4
817,ICCNTBXKJY,CUXFQ EJMXL CFBKC STXEO,301.79,2.94
818,XSIFKIACZH,TXQEX RSIIQ VWZCV QISQH,149.31,31.76
819,ONXORQTGJI,RFEQO QHOXV IMWDX SQWZU,271.47,44.11
820,HGODWSCWBX,HGKFJ DQFQW WAEVI HOALC,80.83,30.53
821,GKRMHTRSGN,BOBVH TYUKC HAULN UAQVX,219.89,15.26
822,HIRRFOJFVK,MLEPB ABBAL YDUXS UQJIX,9.19,10.63
823,OFICBJIQAW,KPFPZ ZITDB GAFSR XIZBV,242.53,5.78
824,GQAUCHABTG,XPRHH BZDBN YWLUA AMVDT,463.16,9.98
825,RIXDIVFARL,UYCCR MHINY WKTYU PTDBF,309.92,17.12
826,QZOBUYZAGW,ZSEGW ITWKU QIRMK XMENM,478.78,19.88
827,BZQUEYKNOT,PKSVL YZIHF SCCOV HMFRY,414.02,6.75
828,VDVSIVPAWT,TRLOF AQGVZ LBAZW HTRQE,317.04,11.31
829,MFKYWBZDEF,KDJWB KFBQI ICFEK CFHHM,230.36,24.7
830,WFUHQPEVDB,WKAFA HFSAJ XKZRL MCSAT,335.84,33.63
831,YEZSMBABMQ,EZFHA PTYSP EWYAY TAPUV,110.77,18.91
832,HPRILFPNNG,OXLCH QJOTY PLHSY GJRZG,138.81,44.22
833,DECXOTBUDR,TWUXT TKDTR EGWOY VAZSZ,185.18,41.87
834,ZFOLQSJYQY,EMKLE GEABH IJJTE IWXQZ,316.64,45.22
835,IIKSEVOKDU,DGTQX SWVSX IPTSP ZFOXK,490.83,28.6
836,NFLXRMWXXN,FZCCL GKDSC QBFYL GWMXQ,262.81,44.39
837,OKKTXDSIFL,SYHAV ZOBVR ZOUCB NMQII,311.11,19.56
838,QMJWAPYRKQ,ZXITK RWSOZ UTHOV FYIXP,315.69,10.23
839,QTOOUKFYAJ,USHJZ TMMZO WAMSV NEXWP,463,16.81
840,MYJFZFTKUQ,LDCUZ HYYIY EKTWO XBOBW,266.48,13.47
841,EKQTYKZXRI,BTQEP FBTRN WKMVO GNDMD,498.11,30.98
842,FWAWZJIDIW,FOHEL YCUTR FCXFE WXFSK,23.8,5.11
843,EJTNHUIZNZ,YCWJP RZQBS LXTJK CSEVH,329.46,15.05
844,HOHZVOKFNP,BNAMF CTMSD HYRJW QVKHU,442.45,29.52
845,TYPMWZVXVG,MUNFW TGGDU RKVRD EQENL,68.47,43.96
846,YDIQQAOUMF,RMVBR NYLPQ SETOS LQFWL,22.48,23.41
847,ROFVMUYMRD,JOQWA YMPLF MKIGD QSAWO,158.88,19.58
848,FJHLBYZCHJ,AWHYK POESW AIXEL TAZTG,475.3,39.25
849,TPDKXCCUBB,RSNHG GKCXY XKNUW TVJKV,36.3,4.8
850,YWBDOMRIBX,FRVOP DONTT DQFXG HRRVV,219.57,34.41
851,EFITRMLCRL,BHYON JFGIV FVVWF SNFMG,30.56,42.25
852,POGMAQHRMT,YPPNJ JDQFU OITOY BGPRA,44.57,30.62
853,GJFJKVTRKW,UIQBE HETUV DHMEL OMWGG,248.66,34.69
854,JPHYGCPCPG,PVBAU QQOCT JRKOY PUQDF,145.7,15.53
855,CVHDEMFIKQ,PMNSK SYCMY LRHRF EUEYV,161.92,30.3
856,PZVCBPMKPG,KEXAK DWPMF YOWPR TNCFQ,90.68,18.04
857,GEZLVBHTGO,PISQM WOJJY IMIOV YPAZP,406.13,2.26
858,GSLZTNOPZW,WUOTU KLPUB ONWTA XNAJC,65.91,38.71
859,QTXDOAYLVF,EIGZC SLDYX LWQXS PTGRV,366.33,29.33
860,ULGWXKXMMX,NCCGY OKOBX MWPED PPFEA,402.32,36.74
861,OSTQRNYPKR,WPAPX ASGXP FPFRK JCZTR,205.1,3.22
862,JQXVSUWDMW,JCWCI IXYAP ORRKZ ITCNA,441.45,48.65
863,EIGQFQYIYA,SWLZE RKKBH NPCQB DIHBD,334.93,29.3
864,XZFOMOUNOC,PMKWZ FBUXU VEBJM QBKEI,485.1,22.16
865,GWWVNKRYCH,MHLKT ELLIB RYSAB MJTJA,213.84,30.82
866,EQKVGZCHYM,ATRTM RUAVT PUXIO QNQUD,65.59,25.86
867,JFLLCTMRCD,BPZDU IGTLN BVNLM BMBMX,56.77,33.26
868,BLMIZVAEXI,XTYUC DNSEA XOVJB TBOMF,60.06,24.13
869,FHJFXUEISK,AVIQM GNSDB XBTFG LWBRM,204.37,23.92
870,EHVMNWAVSY,VCGTN RGIBK GYLGT AMQZC,170.88,39.71
871,HJZQQJTRSZ,YBNAB QPIQP NWDDK YYFGY,59.23,49.21
872,PBEDGAGHRA,YRURI CCAPO AWNVX RCMUK,185.4,33.83
873,MXLBXKUYLK,ZKZPK VWCKF JCGLY SIKDH,330.23,10.3
874,TWNGSXPJJV,WVZAF VOKYN RXSGL ISKKU,120.84,41.67
875,JRRTTUNCHM,HNLQW URQTU DAVGL GSOWX,49.03,24.89
876,ASNJWCTIVJ,IVLTS LLPNB SQNCX PRZFF,441.55,49.38
877,LUUULJQPPG,ZMDNQ GTAGP DIGZO EPZLJ,349.97,34.51
878,AXMPCSZLBC,EMENK RLYJL PSIJO OCFNT,417.38,13.88
879,RRWXDYAWGX,VIRHQ MOGQU FVWBN IQKCL,394.89,22.44
880,GVWXWPPMAY,BUQXX TUKLE ZRZYR TGODA,45.29,17.45
881,RBAANZVXGL,CBSDO WBEDI ODXGP FBGTF,338.7,42.59
882,GRQTGTCLVV,NOZDF JKSIV EPZTT PZMSN,258.22,25.25
883,CPUFPUOESM,UQUPV UODOI KWFLD SJUUD,91.74,16.64
884,LOYAZEFQQU,EWYJO VHAVG ZJUGD GFCLD,67.49,12.65
885,XALFRFBWPV,VKPXS ESYMO ZXHNZ IWVVM,257.24,22.2
886,UCWCQFFYYB,ZISEV IKGXY PBMVS CBAKQ,20.14,0.07
887,KRISDTCRAW,TNBBY SSYUF LFCST TKPES,231.04,9.65
888,ZAKGSEPTSW,EUWJD UWSTQ ZKMRJ OTRLI,338.45,23.53
889,WBKQKVXMEZ,YVDWK QZQVJ FMEOD ARJTQ,432.74,17.68
890,SPRXDCYBGR,NVEMT QXKOV PZEBS SPWSH,112.72,46.17
891,NOXXTQDQXP,YSTIE HBFRK IVMWQ OTJSP,464.18,1.95
892,HNNDSLVYRH,BHLYU NWQGW FXBLZ IHBMR,234.77,13.9
893,QEXDLZFWTM,DLRET XSKDF UEYTM JPYNU,264.37,12.96
894,EURREKGOZY,FLZXP KOCPY WZUMV MSAIM,185.47,34.77
895,XIUZXNKADV,KKRMK YANQL CCUKU BTOBM,358.72,25.37
896,GCPCAQHQTI,QBSAM URDMV NCDRP RMNTV,95.82,13.58
897,IGLIBPQCFL,NXDES RWUYL BIYZD LWEFR,374.37,12.67
898,WWJBBTFQBI,DDJJY NBWJX GJVGY VYSQW,73.28,3.16
899,TFZNOXOFDF,SZLNE ZZNID GAJUM WOVZJ,196.29,18.98
900,CZXRFASLAR,PJKIT HMIQW XCUAW BLZRN,222.68,37.75
901,PIWVTCCIOK,KTRGY CBDOO NXAAX DHHHO,227.04,0.23
902,UWJKWTBOJG,WISDF KUYZD DFMCQ JHGLW,332.76,0.8
903,LPCCRXEUEL,FMJLP WGZMQ FVPSH UMGNR,40.38,31.36
904,CLOIHRVYLR,OXAAD SPGOH VSMZR PBNWJ,85.94,16.36
905,EOCXWOUWKW,WPDZT XYBNE XTFXM VHRBN,14.74,1.28
906,DXGBSTOZMA,MXRBX ZYOVF EHGUD WUNTA,349.83,33.59
907,OIIPDSOFAN,WRUNZ MNBFU EKTSV IBQQI,217.35,20.56
908,OKUTWYCELA,VPBBQ MUFPS CDFNP ZSZUG,393.33,10.99
909,NUOAUWQNYY,EINMA JHTDF YKPXL OYDCE,174.59,26.44
910,XDHNWBLBZN,BDKIQ XQQAM PRMXD ZJIUE,12.16,6.56
911,OXAEAGSTOE,YCEUY FYSQV ASTMG ZJOTW,244.99,13.86
912,ACGYGOLIGP,NQJPI FNRKB PUOBO DGJBS,176.2,5.04
913,HDTUHMTTWM,JQVTO MQIDO TWXYQ CEJPZ,16.68,44.82
914,LWKDFMUHOI,TTWQX ZSZVT HMPBF DQOLL,9.74,34.31
915,EUFOYXUMVW,CRIBC LKFYZ XNKRX PDOBQ,410.35,2.39
916,ZZBAVGIPQI,ZETVK GHETL IAZIV IMXBR,403.46,31.61
917,SPRVFAONPX,XUSOZ XBXUH PJRQO WRBDD,341.92,16.9
918,OXMNGNKMEH,XBEST UHOZS AHSVF RWKMU,145.63,17.67
919,QQISSCWXPH,UALMI KSUAI NOKTM XWWYK,180.91,11.28
920,DATPSSHTQK,BUGHN MUVXV HQUPE VEIOE,40.96,17
921,DLWTMZBEZM,BOJBI RGLQA EKIPS YJMSK,236.19,4.61
922,CNIZCKCBTQ,WXIMA AKYQP EIIHB SIBVE,456.99,36.02
923,YPPHSKYAPD,NRDPA QKGAS XPPNI SFANI,7.9,4.01
924,ELAZMHDERP,NNFQR OKGIY DXRXQ TUMJT,487.19,7.37
925,XDEXGHILZV,QBGDO SKAWE UGJCY UNRJS,345.81,20.02
926,ZOFDMRWDEO,ZOHGG ICCCC PAECW SLYXI,470.35,0.79
927,PJRHSJWKPT,XHJJR RHLDF WBECC ZOMPN,86.44,14.79
928,ILQEAVQFJS,AMZLR AJUOX ZYPLN VVVBX,167.33,15.66
929,NYMKUNAHEB,RRNLF WUMQU YIWJI IAOIX,88.84,12.98
930,QFXZVNADWR,XCREH PLQAI JMTHT WEGSO,158.69,45.91
931,KIZXSCTDSK,BXETZ EEGWX TTGFP EKNJA,99.25,15.72
932,UOWHREIKDE,HXDTA PZHFB GWEVR LWULT,297.96,35.65
933,QJVAGDZCGF,AEMKD FNRBF IDLTL DFZDL,274.59,49.93
934,IPJJIEBYMU,UOXIZ FTSGN PQCYX HIXKC,470.78,16.6
935,FYYCFCZNXK,CJQEO RQMTV LVMSB QRWWN,283.32,49.72
936,HZTWDPMCJI,IPZMW SZIGI OBRUL OUZVD,52.71,48.99
937,IYMWONVYAT,COTYA DLMFC WLJAY AJOXS,166.97,7.25
938,MDYHBOKATR,NZMNI NNTQH STNMO WBLCA,477.53,2.04
939,NHXDYECMUE,MZVNP ENZEP UGAPH VFJYS,333.64,33.89
940,FKECAHIIDP,FNDUM JBYWQ PDYBH YTNYD,310.67,47.75
941,XRCGKLSSRF,SRQRD JJERB URPLH CYRFN,461.87,42.88
942,WTMOYHLFLK,QIZLW GZNJS WDSNH YWSFC,426.56,29.77
943,IZLFCMAVMS,NNSRD IDNRK FHFKC LOBRW,300.17,19.44
944,FTYKUVTNVR,YCZQH PFQIV ITWCQ ZIXWJ,204.96,17.77
945,RJWEJUPQXL,NPSFK VTKTJ LIEKL OLDHZ,204.69,3.15
946,FIFCZTPEYV,CLIOH IQJXT MVEQM QQYBF,117.58,41.51
947,BLVYRPEDIU,MXTAT BBLTC MLRAM OTCKP,30.79,1.06
948,QKMGFSNEDZ,CRMIH MOQBL HKKIJ BTHMB,249.37,13.9
949,MCDWFSGDZB,CXSPA DSRYH CYDIF BBPCY,7.14,45.11
950,RLWZXAMNCM,MABSN ALVZU MQYYW GZADL,311.25,31.7
951,NPINDUUZRW,GZDJV RGDIC BNSYQ PODWA,178.64,17.39
952,ZHJBRGFNTH,YZCIX EHLDO ZOSAD IVNST,467.02,48.12
953,HOLGOJMCPU,NMBYZ PFLYB OBKUA EVNET,372.56,35.59
954,PLQBGXMHAJ,DFIVB LTOIG TNCWF AQQXW,192.91,33.54
955,ZAWBETNJNU,ALJKK YBCXJ MBSIM IAPVK,243.92,17.34
956,DGRERJDPYM,QIAMP MJPAR DYKYS IQWEU,110.91,0.72
957,ZSYFZYYMTF,QFKWA EGLZE YWRBI EVZLV,117.72,48.94
958,YHFGFEAMMQ,LOURT AANUR OKKAR PJFTQ,149.42,20.35
959,CIYWMBVTWN,KIBWE VWFMH ZOVFI DXNRZ,206.44,32.81
960,XRLDTNTACI,XXCBJ WBHOR GWIMS APJSP,294.37,20.69
961,GXBGDJAJKG,HKQSX ZKGAE EZXXG LZBYS,7.32,7.39
962,HNXEBZCJPI,GYOIY GMEXM DKPKB NZIJZ,161.92,46.21
963,HYULBNVABK,OREKO SBAVQ GKZEN JNYAI,346.68,14.05
964,YNFARIGCVX,IBFBD IVIPJ HSYKY MZTLG,74.19,37.76
965,BUCPCJZZNG,OTXMT PANOX JNZLR DDHUT,437.28,11.22
966,PETTZAXUIT,GYZYR SIDLN TUCAO ZNACZ,343.17,22.4
967,QIJBBMXVRW,XGIED BYPJW FVNEG IWQPC,453.68,5.07
968,EJDGHYQFQL,QPAPK ARYMD LKARW DKNHH,411.71,16.41
969,STLMMKOJCY,HYFJX ILAWR STBKK SQYHC,342.36,18.3
970,BOBXGWUUXC,HMKFU WUPUU DRKBK PYXRV,420.38,22.78
971,YMXFXABVKQ,TQDML ORZQC UGIUR CWYKG,238.15,3
972,ZHHMLURJIN,LCDVI GLQWF UZSCT EEQHQ,269.48,10.3
973,NEUKPKZDVA,UICLF QQHXK HGJLG BJRMU,298.4,35.84
974,JJUHNVSTOC,NCHAU VLWXG BFFDP KQUVB,71.58,45.49
975,GRLNZYDQOH,EBFDI IUDHO NYVIE ANZCJ,499.88,17.87
976,RCTENEGSCE,OLFST QKLFQ ROWSH ZURYM,117.79,11.04
977,YZDZKGWCTP,GEMVL GOAUK SSWAI TIZMS,483.17,34.18
978,EXTMYZFSUI,GARLV OBNGW WNGGI IGEED,411.64,23.09
979,MKOSYIKSXF,KFNKD FAUZI ZMIYR ZLOOQ,67.45,32.96
980,EEZHGHIRIP,NLBAB MQZRI SJZFB EFZXR,416.29,17.23
981,QLDFBLVSSQ,VSYEL LVAKJ MBQLE PROVG,29.17,31.11
982,SZVAMLXMJQ,UHQHR NXRXL JLIVB HHDJT,368.81,49.1
983,LDLFEMETER,EUWIB LBLMO LUENP FWUOC,437.12,26.32
984,QINTALUBAA,JSPPB MKVIY BQEMA WYYVU,261.19,35.88
985,FYWONHVYXN,FQWWU EVAUU QAKRN BJFAR,162.24,26.83
986,DGYLBSRXSE,KSRHM FPJZF ALCNH XKGIU,92.01,22.68
987,HZIBPMLWMX,WWEDL DQXQJ OSUTU HWBLP,161.59,38.46
988,TGJCIBUOVW,PVGTF XONIO MMSTA NSIXP,339.08,29.91
989,CMQLAIQXAO,DQFSL ALXDC JNVDE FIOEX,285.27,9.49
990,TQEMGTHYCW,BOHTJ RFYFF RNFTM DAQNA,346.59,5.39
991,LZMAKNGOFC,JMQBP QXJDP YLISC BEWVX,486.49,36.95
992,DVWWYZJPRW,FTVDJ OOCNK RDOTS TEVFD,424.59,42.9
993,PEBDTNLQXU,EJOHS THOHA ZBUZR TESQM,417.03,37.67
994,QMLPPVFFUL,SEFHK VTPCG SXWWO OJDVP,204.25,40.49
995,ZIKQBDGDSG,PHQZH ROUIH XBJYM OTNPI,102.98,42.62
996,THTVVRXZBL,ROSTI VGVQN ZGUEY TCJKD,271.45,3.4
997,BIOLZFYZRC,TMULR XIVFR KITNY MXQUI,400.06,38.37
998,AQXGZDLMFL,FLTQE EVQRN RKQPU LFPUY,288.98,6.19
999,KWXOPAUBNV,LKOYZ MAJTO XHXSR MLXGJ,240.69,24.06
1000,VJKZMUXFEU,FZNPF GNTJG BLSNI VKDAR,365.33,46.